{"cameraMode":{"drawMode":0,"name":"Shaded","section":"Shading Mode"},"sceneLighting":true,"audioPlay":false,"sceneViewState":{"showFog":false,"showMaterialUpdate":false,"showSkybox":false,"showFlares":false,"showImageEffects":false,"showParticleSystems":false},"in2DMode":false,"pivot":{"x":6.019978046417236,"y":0.2907862663269043,"z":-0.09332416951656342},"rotation":{"x":0.6452639698982239,"y":0.08829595893621445,"z":-0.07541367411613465,"w":0.7551366686820984},"size":17.568452835083009,"orthographic":false}