{"cameraMode":{"drawMode":0,"name":"Shaded","section":"Shading Mode"},"sceneLighting":false,"audioPlay":false,"sceneViewState":{"showFog":false,"showMaterialUpdate":false,"showSkybox":false,"showFlares":false,"showImageEffects":false,"showParticleSystems":false},"in2DMode":false,"pivot":{"x":24.405899047851564,"y":-7.124063491821289,"z":22.430912017822267},"rotation":{"x":-0.4096102714538574,"y":0.519647479057312,"z":-0.313066303730011,"w":-0.6816597580909729},"size":18.15440559387207,"orthographic":false}