{"cameraMode":{"drawMode":0,"name":"Shaded","section":"Shading Mode"},"sceneLighting":true,"audioPlay":false,"sceneViewState":{"showFog":false,"showMaterialUpdate":false,"showSkybox":false,"showFlares":false,"showImageEffects":false,"showParticleSystems":false},"in2DMode":false,"pivot":{"x":4.893361568450928,"y":1.254637360572815,"z":-0.019950661808252336},"rotation":{"x":-0.007199134211987257,"y":0.928307294845581,"z":-0.01747795194387436,"w":-0.37182873487472536},"size":1.5629457235336304,"orthographic":false}