{"cameraMode":{"drawMode":0,"name":"Shaded","section":"Shading Mode"},"sceneLighting":true,"audioPlay":false,"sceneViewState":{"showFog":false,"showMaterialUpdate":false,"showSkybox":false,"showFlares":false,"showImageEffects":false,"showParticleSystems":false},"in2DMode":false,"pivot":{"x":3.508655548095703,"y":-2.2413463592529299,"z":2.0260705947875978},"rotation":{"x":0.12135747820138931,"y":-0.8512603640556336,"z":0.22544701397418977,"w":0.4582047462463379},"size":21.47426414489746,"orthographic":false}