{"cameraMode":{"drawMode":0,"name":"Shaded","section":"Shading Mode"},"sceneLighting":false,"audioPlay":false,"sceneViewState":{"showFog":false,"showMaterialUpdate":false,"showSkybox":false,"showFlares":false,"showImageEffects":false,"showParticleSystems":false},"in2DMode":false,"pivot":{"x":13.166748046875,"y":3.1150259971618654,"z":0.5306668877601624},"rotation":{"x":-0.42597484588623049,"y":-0.5227096080780029,"z":0.33951500058174136,"w":-0.6559251546859741},"size":-0.8777276873588562,"orthographic":false}