{"cameraMode":{"drawMode":0,"name":"Shaded","section":"Shading Mode"},"sceneLighting":false,"audioPlay":false,"sceneViewState":{"showFog":false,"showMaterialUpdate":false,"showSkybox":false,"showFlares":false,"showImageEffects":false,"showParticleSystems":false},"in2DMode":false,"pivot":{"x":-1.3309988975524903,"y":1.0852880477905274,"z":-1.5063018798828126},"rotation":{"x":-0.350882351398468,"y":0.54787677526474,"z":-0.2709778845310211,"w":-0.709446132183075},"size":12.619903564453125,"orthographic":false}