{"cameraMode":{"drawMode":0,"name":"Shaded","section":"Shading Mode"},"sceneLighting":false,"audioPlay":false,"sceneViewState":{"showFog":false,"showMaterialUpdate":false,"showSkybox":false,"showFlares":false,"showImageEffects":false,"showParticleSystems":false},"in2DMode":false,"pivot":{"x":-0.06434740126132965,"y":2.4157352447509767,"z":-0.5253148078918457},"rotation":{"x":-0.6562380194664002,"y":-0.0006841931026428938,"z":0.0005880368989892304,"w":-0.7545721530914307},"size":17.61717987060547,"orthographic":false}