{"cameraMode":{"drawMode":0,"name":"Shaded","section":"Shading Mode"},"sceneLighting":false,"audioPlay":false,"sceneViewState":{"showFog":false,"showMaterialUpdate":false,"showSkybox":false,"showFlares":false,"showImageEffects":false,"showParticleSystems":false},"in2DMode":false,"pivot":{"x":-1.3309988975524903,"y":1.0852880477905274,"z":-1.5063018798828126},"rotation":{"x":-0.22633902728557588,"y":0.6588671207427979,"z":-0.21820281445980073,"w":-0.6834343671798706},"size":7.262673377990723,"orthographic":false}