{"cameraMode":{"drawMode":0,"name":"Shaded","section":"Shading Mode"},"sceneLighting":true,"audioPlay":false,"sceneViewState":{"showFog":false,"showMaterialUpdate":false,"showSkybox":false,"showFlares":false,"showImageEffects":false,"showParticleSystems":false},"in2DMode":false,"pivot":{"x":-1.318814992904663,"y":1.3972135782241822,"z":3.5221869945526125},"rotation":{"x":-0.024511728435754777,"y":0.18583953380584718,"z":-0.004397706128656864,"w":-0.982463538646698},"size":4.831326961517334,"orthographic":false}