{"cameraMode":{"drawMode":0,"name":"Shaded","section":"Shading Mode"},"sceneLighting":true,"audioPlay":false,"sceneViewState":{"showFog":false,"showMaterialUpdate":false,"showSkybox":false,"showFlares":false,"showImageEffects":false,"showParticleSystems":false},"in2DMode":false,"pivot":{"x":0.9178236722946167,"y":1.374741554260254,"z":0.3853387236595154},"rotation":{"x":0.24357907474040986,"y":-0.5562489032745361,"z":0.17481543123722077,"w":0.7750555276870728},"size":1.3349368572235108,"orthographic":false}