{"cameraMode":{"drawMode":0,"name":"Shaded","section":"Shading Mode"},"sceneLighting":true,"audioPlay":false,"sceneViewState":{"showFog":false,"showMaterialUpdate":false,"showSkybox":false,"showFlares":false,"showImageEffects":false,"showParticleSystems":false},"in2DMode":false,"pivot":{"x":15.798049926757813,"y":2.289266347885132,"z":0.5318328738212586},"rotation":{"x":-0.14263594150543214,"y":0.8563347458839417,"z":-0.324628084897995,"w":-0.3759241998195648},"size":21.48775863647461,"orthographic":false}