{"cameraMode":{"drawMode":0,"name":"Shaded","section":"Shading Mode"},"sceneLighting":false,"audioPlay":false,"sceneViewState":{"showFog":false,"showMaterialUpdate":false,"showSkybox":false,"showFlares":false,"showImageEffects":false,"showParticleSystems":false},"in2DMode":false,"pivot":{"x":0.2175731509923935,"y":0.2914827764034271,"z":0.43224895000457766},"rotation":{"x":-0.31729263067245486,"y":-0.40807515382766726,"z":0.1537402868270874,"w":-0.8421579003334045},"size":0.9868866801261902,"orthographic":false}