{"cameraMode":{"drawMode":0,"name":"Shaded","section":"Shading Mode"},"sceneLighting":false,"audioPlay":false,"sceneViewState":{"showFog":false,"showMaterialUpdate":false,"showSkybox":false,"showFlares":false,"showImageEffects":false,"showParticleSystems":false},"in2DMode":false,"pivot":{"x":13.718671798706055,"y":1.4106477499008179,"z":4.942291259765625},"rotation":{"x":0.10479240864515305,"y":-0.23283813893795014,"z":0.025245238095521928,"w":0.9665250778198242},"size":2.7679800987243654,"orthographic":false}
