{"cameraMode":{"drawMode":0,"name":"Shaded","section":"Shading Mode"},"sceneLighting":true,"audioPlay":false,"sceneViewState":{"showFog":false,"showMaterialUpdate":false,"showSkybox":false,"showFlares":false,"showImageEffects":false,"showParticleSystems":false},"in2DMode":false,"pivot":{"x":14.010000228881836,"y":1.5131001472473145,"z":5.408999919891357},"rotation":{"x":0.01379886083304882,"y":0.04378708079457283,"z":-0.0005606419290415943,"w":0.998976469039917},"size":4.6049885749816898,"orthographic":false}