{"cameraMode":{"drawMode":0,"name":"Shaded","section":"Shading Mode"},"sceneLighting":false,"audioPlay":false,"sceneViewState":{"showFog":false,"showMaterialUpdate":false,"showSkybox":false,"showFlares":false,"showImageEffects":false,"showParticleSystems":false},"in2DMode":false,"pivot":{"x":0.8327824473381043,"y":2.416044235229492,"z":-0.4514225721359253},"rotation":{"x":-0.45659369230270388,"y":0.11866108328104019,"z":-0.061601899564266208,"w":-0.8795894384384155},"size":11.10853385925293,"orthographic":false}