{"cameraMode":{"drawMode":0,"name":"Shaded","section":"Shading Mode"},"sceneLighting":false,"audioPlay":false,"sceneViewState":{"showFog":false,"showMaterialUpdate":false,"showSkybox":false,"showFlares":false,"showImageEffects":false,"showParticleSystems":false},"in2DMode":false,"pivot":{"x":-0.24776840209960938,"y":1.8584156036376954,"z":-0.3792724609375},"rotation":{"x":-0.2958090901374817,"y":0.7010972499847412,"z":-0.41769924759864809,"w":-0.4965065121650696},"size":11.350350379943848,"orthographic":false}