{"cameraMode":{"drawMode":0,"name":"Shaded","section":"Shading Mode"},"sceneLighting":false,"audioPlay":false,"sceneViewState":{"showFog":false,"showMaterialUpdate":false,"showSkybox":false,"showFlares":false,"showImageEffects":false,"showParticleSystems":false},"in2DMode":false,"pivot":{"x":26.64986228942871,"y":-0.28599634766578677,"z":22.252656936645509},"rotation":{"x":0.3891161382198334,"y":-0.38251394033432009,"z":0.1819542795419693,"w":0.8180279731750488},"size":30.2872314453125,"orthographic":false}