{"cameraMode":{"drawMode":0,"name":"Shaded","section":"Shading Mode"},"sceneLighting":true,"audioPlay":false,"sceneViewState":{"showFog":false,"showMaterialUpdate":false,"showSkybox":false,"showFlares":false,"showImageEffects":false,"showParticleSystems":false},"in2DMode":false,"pivot":{"x":8.1351318359375,"y":-0.279296875,"z":-0.5244140625},"rotation":{"x":-0.6578460335731506,"y":0.026651255786418916,"z":-0.023301200941205026,"w":-0.7523281574249268},"size":12.546222686767579,"orthographic":true}