{"cameraMode":{"drawMode":0,"name":"Shaded","section":"Shading Mode"},"sceneLighting":false,"audioPlay":false,"sceneViewState":{"showFog":false,"showMaterialUpdate":false,"showSkybox":false,"showFlares":false,"showImageEffects":false,"showParticleSystems":false},"in2DMode":false,"pivot":{"x":0.0867689847946167,"y":3.080535888671875,"z":-2.836717128753662},"rotation":{"x":-0.44918522238731387,"y":0.11125291138887406,"z":-0.05649101734161377,"w":-0.884699285030365},"size":9.682337760925293,"orthographic":false}