{"cameraMode":{"drawMode":0,"name":"Shaded","section":"Shading Mode"},"sceneLighting":false,"audioPlay":false,"sceneViewState":{"showFog":false,"showMaterialUpdate":false,"showSkybox":false,"showFlares":false,"showImageEffects":false,"showParticleSystems":false},"in2DMode":false,"pivot":{"x":-0.16746503114700318,"y":2.3375141620635988,"z":-0.7171494960784912},"rotation":{"x":-0.5043031573295593,"y":-0.22083300352096559,"z":0.13517896831035615,"w":-0.823811948299408},"size":10.974246978759766,"orthographic":false}