{"cameraMode":{"drawMode":0,"name":"Shaded","section":"Shading Mode"},"sceneLighting":true,"audioPlay":false,"sceneViewState":{"showFog":false,"showMaterialUpdate":false,"showSkybox":false,"showFlares":false,"showImageEffects":false,"showParticleSystems":false},"in2DMode":false,"pivot":{"x":5.450248718261719,"y":1.4450148344039918,"z":0.10397553443908692},"rotation":{"x":-0.018832985311746599,"y":0.6982313990592957,"z":-0.018502380698919297,"w":-0.7156316637992859},"size":4.0392656326293949,"orthographic":false}