{"cameraMode":{"drawMode":0,"name":"Shaded","section":"Shading Mode"},"sceneLighting":false,"audioPlay":false,"sceneViewState":{"showFog":false,"showMaterialUpdate":false,"showSkybox":false,"showFlares":false,"showImageEffects":false,"showParticleSystems":false},"in2DMode":false,"pivot":{"x":29.399051666259767,"y":7.059192657470703,"z":14.452788352966309},"rotation":{"x":0.24143053591251374,"y":-0.3127679228782654,"z":0.08253399282693863,"w":0.9149211645126343},"size":31.158533096313478,"orthographic":false}