{"cameraMode":{"drawMode":0,"name":"Shaded","section":"Shading Mode"},"sceneLighting":true,"audioPlay":false,"sceneViewState":{"showFog":false,"showMaterialUpdate":false,"showSkybox":false,"showFlares":false,"showImageEffects":false,"showParticleSystems":false},"in2DMode":false,"pivot":{"x":0.20214080810546876,"y":1.0160540342330933,"z":0.24787023663520814},"rotation":{"x":-0.11350975185632706,"y":0.7583916783332825,"z":-0.13771776854991914,"w":-0.6271427869796753},"size":27.947172164916993,"orthographic":false}