{"cameraMode":{"drawMode":0,"name":"Shaded","section":"Shading Mode"},"sceneLighting":true,"audioPlay":false,"sceneViewState":{"showFog":false,"showMaterialUpdate":false,"showSkybox":false,"showFlares":false,"showImageEffects":false,"showParticleSystems":false},"in2DMode":false,"pivot":{"x":-0.29443490505218508,"y":0.5595631003379822,"z":0.03686857223510742},"rotation":{"x":-0.07051707804203034,"y":0.8675137758255005,"z":-0.475410521030426,"w":-0.1287662237882614},"size":6.294668197631836,"orthographic":false}