{"cameraMode":{"drawMode":0,"name":"Shaded","section":"Shading Mode"},"sceneLighting":true,"audioPlay":false,"sceneViewState":{"showFog":false,"showMaterialUpdate":false,"showSkybox":false,"showFlares":false,"showImageEffects":false,"showParticleSystems":false},"in2DMode":false,"pivot":{"x":9.881051063537598,"y":-0.6486415863037109,"z":7.355311870574951},"rotation":{"x":-0.22260180115699769,"y":0.7770841717720032,"z":-0.4304162561893463,"w":-0.401930570602417},"size":21.19581413269043,"orthographic":false}