{"cameraMode":{"drawMode":0,"name":"Shaded","section":"Shading Mode"},"sceneLighting":false,"audioPlay":false,"sceneViewState":{"showFog":true,"showMaterialUpdate":true,"showSkybox":false,"showFlares":true,"showImageEffects":true,"showParticleSystems":true},"in2DMode":false,"pivot":{"x":3.1249747276306154,"y":1.9071993827819825,"z":-0.0792226791381836},"rotation":{"x":-0.16456204652786256,"y":0.0035505793057382108,"z":-0.0006012454978190362,"w":-0.9863871335983276},"size":11.537195205688477,"orthographic":false}