{"cameraMode":{"drawMode":0,"name":"Shaded","section":"Shading Mode"},"sceneLighting":true,"audioPlay":false,"sceneViewState":{"showFog":true,"showMaterialUpdate":true,"showSkybox":true,"showFlares":true,"showImageEffects":true,"showParticleSystems":true},"in2DMode":false,"pivot":{"x":4.708688259124756,"y":2.6690635681152345,"z":-2.3535399436950685},"rotation":{"x":-0.27223506569862368,"y":-0.17995022237300874,"z":0.05192035436630249,"w":-0.9438566565513611},"size":14.042726516723633,"orthographic":false}